-- Заполнение таблицы passport
INSERT INTO medcarta.passport (series, number, issued, issued_date)
VALUES ('1234', '567890', 'Отделением УФМС России по г. Москве', '2020-01-01'),
       ('5678', '901234', 'Отделением УФМС России по г. Санкт-Петербургу', '2021-02-15'),
       ('1234', '987654', 'Отделением УФМС России по г. Казань', '2019-07-12'),
       ('5678', '543210', 'Отделением УФМС России по г. Екатеринбург', '2020-05-20'),
       ('5678', '123789', 'Отделением УФМС России по г. Новосибирск', '2021-11-05'),
       ('JKLM', '456321', 'Отделением УФМС России по г. Ростов-на-Дону', '2022-08-18');

-- Заполнение таблицы patient
INSERT INTO medcarta.patient (patient_code, first_name, middle_name, last_name, birth_date, death_date, address, phone_number, work_place_data, bookmark, snils, polis, passport_id)
VALUES (1, 'Иван', 'Иванович', 'Иванов', '1980-05-15', NULL, 'Москва, ул. Пушкина, д. 123, кв. 45', '+71234567890', 'Госпиталь №1', 'Bookmark Data', '12345678901', '1234567890123456', 1),
       (2, 'Мария', 'Сергеевна', 'Петрова', '1992-08-22', NULL, 'Санкт-Петербург, ул. Лермонтова, д. 456, кв. 78', '+79876543210', 'Больница №2', NULL, '78901234567', '9876543210987654', 2),
       (3, 'Анна', 'Александровна', 'Сидорова', '1995-11-30', NULL, 'Санкт-Петербург, ул. Невская, д. 78, кв. 23', '+79987654321', 'Больница №3', 'Additional Data', '34567890123', '3456789012345678', 3),
       (4, 'Дмитрий', 'Игоревич', 'Кузнецов', '1988-03-17', NULL, 'Москва, ул. Тверская, д. 56, кв. 12', '+79123456789', 'Клиника Здоровья', NULL, '89012345678', '8901234567890123', 4),
       (5, 'Светлана', 'Петровна', 'Иванова', '1990-07-03', NULL, 'Новосибирск, ул. Ленина, д. 99, кв. 15', '+79811223344', 'Больница №4', 'Important Note', '56789012345', '5678901234567890', 5),
       (6, 'Артем', 'Сергеевич', 'Козлов', '1985-01-20', NULL, 'Ростов-на-Дону, ул. Горького, д. 72, кв. 8', '+79234567890', 'Клиника Заботы', NULL, '23456789012', '2345678901234567', 6);

-- Заполнение таблицы epicrisis
INSERT INTO medcarta.epicrisis (mu_code, doctor_code, diagnosis_code, epicrisisi_data, creation_date, patient_id)
VALUES (1001, 201, 301, 'Эпикриз для пациента Иванова', '2023-01-10', 1),
       (1002, 202, 302, 'Эпикриз для пациента Петровой', '2023-02-20', 2),
       (1003, 203, 303, 'Эпикриз для пациента Сидоровой', '2023-03-15', 3),
       (1004, 204, 304, 'Эпикриз для пациента Кузнецова', '2023-04-25', 4),
       (1005, 205, 305, 'Эпикриз для пациента Ивановой', '2023-05-10', 5),
       (1006, 206, 306, 'Эпикриз для пациента Козлова', '2023-06-20', 6);

-- Заполнение таблицы hospitalization_history
INSERT INTO medcarta.hospitalization_history (mu_code, start_date, end_date, patient_id, doctor_code, hosp_data)
VALUES (1001, '2023-01-01', '2023-01-05', 1, 201, 'История госпитализации для Иванова'),
       (1002, '2023-02-10', '2023-02-15', 2, 202, 'История госпитализации для Петровой'),
       (1003, '2023-03-01', '2023-03-10', 3, 203, 'История госпитализации для Сидоровой'),
       (1004, '2023-04-10', '2023-04-20', 4, 204, 'История госпитализации для Кузнецова'),
       (1005, '2023-05-01', '2023-05-15', 5, 205, 'История госпитализации для Ивановой'),
       (1006, '2023-06-10', '2023-06-25', 6, 206, 'История госпитализации для Козлова');

-- Заполнение таблицы passport
INSERT INTO medcarta.passport (series, number, issued, issued_date)
VALUES ('9876', '543210', 'Отделением УФМС России по г. Краснодар', '2020-12-01'),
       ('6543', '210987', 'Отделением УФМС России по г. Владивосток', '2022-02-28'),
       ('8765', '123456', 'Отделением УФМС России по г. Уфа', '2021-05-15');

-- Заполнение таблицы patient
INSERT INTO medcarta.patient (patient_code, first_name, middle_name, last_name, birth_date, death_date, address, phone_number, work_place_data, bookmark, snils, polis, passport_id)
VALUES (7, 'Екатерина', 'Сергеевна', 'Морозова', '1993-04-18', NULL, 'Краснодар, ул. Солнечная, д. 42, кв. 10', '+79991234567', 'Больница №5', 'Note for Bookmark', '89012345678', '8901234567890123', 7),
       (8, 'Алексей', 'Павлович', 'Коваленко', '1984-09-07', NULL, 'Владивосток, ул. Речная, д. 87, кв. 5', '+79213456789', 'Клиника Здоровья', NULL, '98765432100', '9876543210123456', 8),
       (9, 'Ольга', 'Валерьевна', 'Козырева', '1998-12-25', NULL, 'Уфа, ул. Зеленая, д. 33, кв. 18', '+79654321098', 'Госпиталь №6', 'Important Data', '34567890111', '3456789011123456', 9);

-- Заполнение таблицы epicrisis
INSERT INTO medcarta.epicrisis (mu_code, doctor_code, diagnosis_code, epicrisisi_data, creation_date, patient_id)
VALUES (1007, 207, 307, 'Эпикриз для пациента Морозовой', '2023-07-05', 7),
       (1008, 208, 308, 'Эпикриз для пациента Коваленко', '2023-08-15', 8),
       (1009, 209, 309, 'Эпикриз для пациента Козыревой', '2023-09-25', 9);

-- Заполнение таблицы hospitalization_history
INSERT INTO medcarta.hospitalization_history (mu_code, start_date, end_date, patient_id, doctor_code, hosp_data)
VALUES (1007, '2023-07-01', '2023-07-10', 7, 207, 'История госпитализации для Морозовой'),
       (1008, '2023-08-10', '2023-08-20', 8, 208, 'История госпитализации для Коваленко'),
       (1009, '2023-09-15', '2023-09-30', 9, 209, 'История госпитализации для Козыревой');

-- Заполнение таблицы passport
INSERT INTO medcarta.passport (series, number, issued, issued_date)
VALUES ('5432', '109876', 'Отделением УФМС России по г. Сочи', '2021-10-10'),
       ('8765', '543210', 'Отделением УФМС России по г. Челябинск', '2020-07-05'),
       ('4321', '987654', 'Отделением УФМС России по г. Самара', '2022-04-15');

-- Заполнение таблицы patient
INSERT INTO medcarta.patient (patient_code, first_name, middle_name, last_name, birth_date, death_date, address, phone_number, work_place_data, bookmark, snils, polis, passport_id)
VALUES (10, 'Артур', 'Игоревич', 'Козлов', '1982-11-28', NULL, 'Сочи, ул. Морская, д. 15, кв. 8', '+79102345678', 'Клиника Заботы', 'Note for Bookmark', '89098765432', '8909876543210987', 10),
       (11, 'Елена', 'Андреевна', 'Смирнова', '1991-06-15', NULL, 'Челябинск, ул. Промышленная, д. 78, кв. 20', '+79234567890', 'Госпиталь №7', NULL, '45678901234', '4567890123456789', 11),
       (12, 'Денис', 'Валентинович', 'Медведев', '1987-03-22', NULL, 'Самара, ул. Гагарина, д. 32, кв. 12', '+79876543210', 'Больница №8', 'Important Data', '67890123456', '6789012345678901', 12);

-- Заполнение таблицы epicrisis
INSERT INTO medcarta.epicrisis (mu_code, doctor_code, diagnosis_code, epicrisisi_data, creation_date, patient_id)
VALUES (1010, 210, 310, 'Эпикриз для пациента Козлова', '2023-10-15', 10),
       (1011, 211, 311, 'Эпикриз для пациента Смирновой', '2023-11-25', 11),
       (1012, 212, 312, 'Эпикриз для пациента Медведева', '2023-12-05', 12);

-- Заполнение таблицы hospitalization_history
INSERT INTO medcarta.hospitalization_history (mu_code, start_date, end_date, patient_id, doctor_code, hosp_data)
VALUES (1010, '2023-10-01', '2023-10-10', 10, 210, 'История госпитализации для Козлова'),
       (1011, '2023-11-10', '2023-11-20', 11, 211, 'История госпитализации для Смирновой'),
       (1012, '2023-12-01', '2023-12-10', 12, 212, 'История госпитализации для Медведева');

-- Заполнение таблицы passport
INSERT INTO medcarta.passport (series, number, issued, issued_date)
VALUES ('9876', '543210', 'Отделением УФМС России по г. Краснодар', '2021-10-10'),
       ('6543', '210987', 'Отделением УФМС России по г. Владивосток', '2022-02-28'),
       ('8765', '123456', 'Отделением УФМС России по г. Уфа', '2021-05-15');

-- Заполнение таблицы patient
INSERT INTO medcarta.patient (patient_code, first_name, middle_name, last_name, birth_date, death_date, address, phone_number, work_place_data, bookmark, snils, polis, passport_id)
VALUES (13, 'Наталья', 'Игоревна', 'Попова', '1990-06-30', NULL, 'Краснодар, ул. Цветочная, д. 20, кв. 5', '+79871234567', 'Клиника Заботы', 'Note for Bookmark', '12345678901', '1234567890123456', 13),
       (14, 'Григорий', 'Алексеевич', 'Сидоров', '1983-09-12', NULL, 'Владивосток, ул. Приморская, д. 75, кв. 18', '+79218765432', 'Госпиталь №9', NULL, '23456789012', '2345678901234567', 14),
       (15, 'Ирина', 'Петровна', 'Куликова', '1995-12-18', NULL, 'Уфа, ул. Заводская, д. 55, кв. 22', '+79651234567', 'Больница №10', 'Important Data', '34567890123', '3456789012345678', 15);

-- Заполнение таблицы epicrisis
INSERT INTO medcarta.epicrisis (mu_code, doctor_code, diagnosis_code, epicrisisi_data, creation_date, patient_id)
VALUES (1013, 213, 313, 'Эпикриз для пациента Поповой', '2024-01-10', 13),
       (1014, 214, 314, 'Эпикриз для пациента Сидорова', '2024-02-20', 14),
       (1015, 215, 315, 'Эпикриз для пациента Куликовой', '2024-03-15', 15);

-- Заполнение таблицы hospitalization_history
INSERT INTO medcarta.hospitalization_history (mu_code, start_date, end_date, patient_id, doctor_code, hosp_data)
VALUES (1013, '2024-01-01', '2024-01-15', 13, 213, 'История госпитализации для Поповой'),
       (1014, '2024-02-10', '2024-02-25', 14, 214, 'История госпитализации для Сидорова'),
       (1015, '2024-03-01', '2024-03-10', 15, 215, 'История госпитализации для Куликовой');
